{"client#10_num_samples": 894, "epoch": 5, "_timestamp": 1666783124.733958, "client#10_auroc": 0.7658227682113647, "client#10_accuracy": 0.7658227682113647, "client#10_training_time": 9.649509397801012, "client#10_comm_time": 5.2719573974609375, "client#10_update_response": false, "client#10_validation_loss": 0.5291543364524841, "client#10_train_loss": 0.5992184281349182, "client#10_precision": 0.0, "client#10_recall": 0.0, "client#9_num_samples": 1198, "client#9_auroc": 0.4954128563404083, "client#9_accuracy": 0.4954128563404083, "client#9_training_time": 9.578643823042512, "client#9_comm_time": 5.2719573974609375, "client#9_update_response": false, "client#9_validation_loss": 0.7149516088621957, "client#9_train_loss": 0.6921356916427612, "client#9_precision": 0.4954128563404083, "client#9_recall": 1.0, "client#5_num_samples": 66, "client#5_auroc": 0.5454545617103577, "client#5_accuracy": 0.5454545617103577, "client#5_training_time": 8.208264228887856, "client#5_comm_time": 5.2719573974609375, "client#5_update_response": false, "client#5_validation_loss": 0.758056640625, "client#5_train_loss": 0.6799642443656921, "client#5_precision": 0.0, "client#5_recall": 0.0, "client#3_num_samples": 930, "client#3_auroc": 0.5474860072135925, "client#3_accuracy": 0.5474860072135925, "client#3_training_time": 8.681012001819909, "client#3_comm_time": 5.2719573974609375, "client#3_update_response": false, "client#3_validation_loss": 0.7248781820138296, "client#3_train_loss": 0.6854706406593323, "client#3_precision": 0.0, "client#3_recall": 0.0, "client#8_num_samples": 4324, "client#8_auroc": 0.720098614692688, "client#8_accuracy": 0.720098614692688, "client#8_training_time": 18.973116396926343, "client#8_comm_time": 5.2719573974609375, "client#8_update_response": false, "client#8_validation_loss": 0.5913815888074728, "client#8_train_loss": 0.5901249051094055, "client#8_precision": 0.0, "client#8_recall": 0.0, "client#7_num_samples": 894, "client#7_auroc": 0.7658227682113647, "client#7_accuracy": 0.7658227682113647, "client#7_training_time": 15.193970734253526, "client#7_comm_time": 5.2719573974609375, "client#7_update_response": false, "client#7_validation_loss": 0.528155905008316, "client#7_train_loss": 0.5990080833435059, "client#7_precision": 0.0, "client#7_recall": 0.0, "client#1_num_samples": 66, "client#1_auroc": 0.5454545617103577, "client#1_accuracy": 0.5454545617103577, "client#1_training_time": 8.635218562092632, "client#1_comm_time": 5.2719573974609375, "client#1_update_response": false, "client#1_validation_loss": 0.7107219099998474, "client#1_train_loss": 0.6835792064666748, "client#1_precision": 0.0, "client#1_recall": 0.0, "client#4_num_samples": 4324, "client#4_auroc": 0.720098614692688, "client#4_accuracy": 0.720098614692688, "client#4_training_time": 13.053094185888767, "client#4_comm_time": 5.2719573974609375, "client#4_update_response": false, "client#4_validation_loss": 0.5929674196701783, "client#4_train_loss": 0.5899518728256226, "client#4_precision": 0.0, "client#4_recall": 0.0, "client#6_num_samples": 930, "client#6_auroc": 0.5474860072135925, "client#6_accuracy": 0.5474860072135925, "client#6_training_time": 17.093256012070924, "client#6_comm_time": 5.2719573974609375, "client#6_update_response": false, "client#6_validation_loss": 0.7063408493995667, "client#6_train_loss": 0.6852868795394897, "client#6_precision": 0.0, "client#6_recall": 0.0, "client#2_num_samples": 1198, "client#2_auroc": 0.4954128563404083, "client#2_accuracy": 0.4954128563404083, "client#2_training_time": 17.276372423861176, "client#2_comm_time": 5.2719573974609375, "client#2_update_response": false, "client#2_validation_loss": 0.70994519335883, "client#2_train_loss": 0.690719485282898, "client#2_precision": 0.4954128563404083, "client#2_recall": 1.0, "_runtime": 333.52965903282166, "_step": 5, "_wandb": {"runtime": 333}}