{"client#7_num_samples": 2235, "epoch": 5, "_timestamp": 1666781958.8398123, "client#7_auroc": 0.7297297120094299, "client#7_accuracy": 0.7297297120094299, "client#7_training_time": 28.24326815502718, "client#7_comm_time": 5.271934509277344, "client#7_update_response": false, "client#7_validation_loss": 0.5819712189527658, "client#7_train_loss": 0.5534422993659973, "client#7_precision": 0.0, "client#7_recall": 0.0, "client#4_num_samples": 2235, "client#4_auroc": 0.7297297120094299, "client#4_accuracy": 0.7297297120094299, "client#4_training_time": 34.47438732488081, "client#4_comm_time": 5.271934509277344, "client#4_update_response": false, "client#4_validation_loss": 0.5834664748265193, "client#4_train_loss": 0.5570250749588013, "client#4_precision": 0.0, "client#4_recall": 0.0, "client#9_num_samples": 1198, "client#9_auroc": 0.4954128563404083, "client#9_accuracy": 0.4954128563404083, "client#9_training_time": 33.771006231196225, "client#9_comm_time": 5.271934509277344, "client#9_update_response": false, "client#9_validation_loss": 0.6986744574138096, "client#9_train_loss": 0.6972835063934326, "client#9_precision": 0.4954128563404083, "client#9_recall": 1.0, "client#3_num_samples": 701, "client#3_auroc": 0.6697247624397278, "client#3_accuracy": 0.6697247624397278, "client#3_training_time": 32.4537655711174, "client#3_comm_time": 5.271934509277344, "client#3_update_response": false, "client#3_validation_loss": 0.6077117621898651, "client#3_train_loss": 0.6064845323562622, "client#3_precision": 0.0, "client#3_recall": 0.0, "client#2_num_samples": 894, "client#2_auroc": 0.7658227682113647, "client#2_accuracy": 0.7658227682113647, "client#2_training_time": 33.40665910486132, "client#2_comm_time": 5.271934509277344, "client#2_update_response": false, "client#2_validation_loss": 0.5359147429466248, "client#2_train_loss": 0.6118394732475281, "client#2_precision": 0.0, "client#2_recall": 0.0, "client#1_num_samples": 606, "client#1_auroc": 0.5480769276618958, "client#1_accuracy": 0.5480769276618958, "client#1_training_time": 31.165229195263237, "client#1_comm_time": 5.271934509277344, "client#1_update_response": false, "client#1_validation_loss": 0.6884245872497559, "client#1_train_loss": 0.6878791451454163, "client#1_precision": 0.0, "client#1_recall": 0.0, "client#5_num_samples": 606, "client#5_auroc": 0.5480769276618958, "client#5_accuracy": 0.5480769276618958, "client#5_training_time": 25.981481244787574, "client#5_comm_time": 5.271934509277344, "client#5_update_response": false, "client#5_validation_loss": 0.6989025920629501, "client#5_train_loss": 0.6892287731170654, "client#5_precision": 0.0, "client#5_recall": 0.0, "client#8_num_samples": 894, "client#8_auroc": 0.7658227682113647, "client#8_accuracy": 0.7658227682113647, "client#8_training_time": 27.208043220918626, "client#8_comm_time": 5.271934509277344, "client#8_update_response": false, "client#8_validation_loss": 0.5305128037929535, "client#8_train_loss": 0.6081893444061279, "client#8_precision": 0.0, "client#8_recall": 0.0, "client#10_num_samples": 701, "client#10_auroc": 0.6697247624397278, "client#10_accuracy": 0.6697247624397278, "client#10_training_time": 24.407708682585508, "client#10_comm_time": 5.271934509277344, "client#10_update_response": false, "client#10_validation_loss": 0.6144519448280334, "client#10_train_loss": 0.6089460849761963, "client#10_precision": 0.0, "client#10_recall": 0.0, "client#6_num_samples": 1198, "client#6_auroc": 0.4954128563404083, "client#6_accuracy": 0.4954128563404083, "client#6_training_time": 27.55959151033312, "client#6_comm_time": 5.271934509277344, "client#6_update_response": false, "client#6_validation_loss": 0.6988815324647086, "client#6_train_loss": 0.6974950432777405, "client#6_precision": 0.4954128563404083, "client#6_recall": 1.0, "_runtime": 396.4368052482605, "_step": 5, "_wandb": {"runtime": 395}}